# DROP SCHEMA IF EXISTS myroutine;
CREATE SCHEMA IF NOT EXISTS myroutine default character set utf8mb4;
USE myroutine;

INSERT INTO user(id, nickname, password_hash, email, phone, created_at)
VALUES (1, 'user1', '0a041b9462caa4a31bac3567e0b6e6fd9100787db2ab433d96f6d178cabfce90',
        'user1@gmail.com', '01011111111', NOW()),
       (2, 'user2', '6025d18fe48abd45168528f18a82e265dd98d421a7084aa09f61b341703901a3',
        'user2@naver.com', '01022222222', NOW()),
       (3, 'user3', '3d9446db3bb1b20d2e4b9fa405e9786b5b8c8b92f156cfd92445ad5d1e3d6e53',
        'user3@domain.com', '01033333333', NOW()),
       (4, 'user4', 'e38ad214943daad1d64c102faec29de4afe9da3d5ebd216f4be5d8c3e94159ee',
        'user4@domain.com', '01044444444', NOW()),
       (5, 'user5', '7c4a8d09ca3762af61e59520943dc26494f8941b76e7a82c42a6b5f660ca7e89',
        'user5@domain.com', '01055555555', NOW()),
       (6, 'user6', 'f7c3bc1d808e04732adf679965ccc34ca7ae3441f4b2a284d8e0d05ed06677d8',
        'user6@domain.com', '01066666666', NOW()),
       (7, 'user7', '72b302bf297a228a75730123efef7c41c23465fe4d080a125a78b7bf070c3130',
        'user7@domain.com', '01077777777', NOW()),
       (8, 'user8', 'd1d0b1320d5864ba7f32b2a8e49c283c805b51c34b6ef171b3cccb35a615b292',
        'user8@domain.com', '01088888888', NOW()),
       (9, 'user9', '6b23c0e52fd43b99e8dfc6a13c1b0586651a052be4d3db2f6b16a4f50b9db03a',
        'user9@domain.com', '01099999999', NOW()),
       (10, 'user10', 'e2ef524fbf3d9fe611d5f29f06cf943ae6549cb1cf6e80b45ed50f93b1d73e11',
        'user10@domain.com', '01010101010', NOW()),
       (11, 'user11', '09f7e02f1290be211da707a266f153b3', 'user11@domain.com', '01011111112',
        NOW()),
       (12, 'user12', '1f3870be274f6c49b3e31a0c6728957f', 'user12@domain.com', '01012121212',
        NOW()),
       (13, 'user13', '8e296a067a37563370ded05f5a3bf3ec', 'user13@domain.com', '01013131313',
        NOW()),
       (14, 'user14', 'f1d3ff8443297732862df21dc4e57262', 'user14@domain.com', '01014141414',
        NOW()),
       (15, 'user15', '6f4922f45568161a8cdf4ad2299f6d23', 'user15@domain.com', '01015151515',
        NOW()),
       (16, 'user16', '1c383cd30b7c298ab50293adfecb7b18', 'user16@domain.com', '01016161616',
        NOW()),
       (17, 'user17', '98f13708210194c475687be6106a3b84', 'user17@domain.com', '01017171717',
        NOW()),
       (18, 'user18', '3c59dc048e8850243be8079a5c74d079', 'user18@domain.com', '01018181818',
        NOW()),
       (19, 'user19', 'b6d767d2f8ed5d21a44b0e5886680cb9', 'user19@domain.com', '01019191919',
        NOW()),
       (20, 'user20', '37693cfc748049e45d87b8c7d8b9aacd', 'user20@domain.com', '01020202020',
        NOW()),
       (21, 'user21', '1ff1de774005f8da13f42943881c655f', 'user21@domain.com', '01021212121',
        NOW()),
       (22, 'user22', '8e296a067a37563370ded05f5a3bf3ec', 'user22@domain.com', '01022222222',
        NOW()),
       (23, 'user23', '9bf31c7ff062936a96d3c8bd1f8f2ff3', 'user23@domain.com', '01023232323',
        NOW()),
       (24, 'user24', 'c74d97b01eae257e44aa9d5bade97baf', 'user24@domain.com', '01024242424',
        NOW()),
       (25, 'user25', '70efdf2ec9b086079795c442636b55fb', 'user25@domain.com', '01025252525',
        NOW()),
       (26, 'user26', '6f4922f45568161a8cdf4ad2299f6d23', 'user26@domain.com', '01026262626',
        NOW()),
       (27, 'user27', '1c383cd30b7c298ab50293adfecb7b18', 'user27@domain.com', '01027272727',
        NOW()),
       (28, 'user28', '98f13708210194c475687be6106a3b84', 'user28@domain.com', '01028282828',
        NOW()),
       (29, 'user29', '3c59dc048e8850243be8079a5c74d079', 'user29@domain.com', '01029292929',
        NOW()),
       (30, 'user30', 'b6d767d2f8ed5d21a44b0e5886680cb9', 'user30@domain.com', '01030303030',
        NOW());


# TODO: 추가 필요
INSERT INTO work_category_large(id, title)
VALUES
    (1, '취미 / 여가'),
    (101, '운동'),
    (201, '업무'),
    (301, '공부'),
    (401, '가사'),
    (501, '자기 개발'),
    (601, '금융 관리'),
    (701, '여행'),
    (10000, '기타');


# TODO: 추가 필요
INSERT INTO work_category_small(id, work_category_large_id, title)
VALUES (1, 1, '독서'),
       (2, 1, '영화 감상'),
       (3, 1, '음악 감상'),
       (4, 1, '게임'),
       (5, 1, '사진 촬영'),
       (6, 1, '공예'),
       (7, 1, '그림 그리기 / 스케치'),
       (8, 1, '댄스 / 츰'),
       (9, 1, '요리'),
       (10, 1, '베이킹'),
       (11, 1, '스포츠 관람'),
       (12, 1, '자전거'),
       (13, 1, '피아노 치기'),
       (14, 1, '낚시'),
       (15, 1, '산책');

-- 운동
INSERT INTO work_category_small(id, work_category_large_id, title)
VALUES
    (21, 101, '달리기'),
    (22, 101, '수영'),
    (23, 101, '헬스'),
    (24, 101, '요가'),
    (25, 101, '필라테스'),
    (26, 101, '자전거 타기'),
    (27, 101, '축구'),
    (28, 101, '농구'),
    (29, 101, '배드민턴'),
    (30, 101, '테니스'),
    (31, 101, '클라이밍'),
    (32, 101, '배드민턴'),
    (33, 101, '스쿼시'),
    (34, 101, '태권도'),
    (35, 101, '복싱'),
    (36, 101, '크로스핏'),
    (37, 101, '복싱'),
    (38, 101, '스케이팅'),
    (39, 101, '레슬링'),
    (40, 101, '스노우보드');

-- 업무
INSERT INTO work_category_small(id, work_category_large_id, title)
VALUES
    (41, 201, '회의'),
    (42, 201, '보고서 작성'),
    (43, 201, '이메일 확인'),
    (44, 201, '프레젠테이션 준비'),
    (45, 201, '프로젝트 계획'),
    (46, 201, '업무 분석'),
    (47, 201, '문서 검토'),
    (48, 201, '팀 회의'),
    (49, 201, '업무 협의'),
    (50, 201, '고객 상담'),
    (51, 201, '업무 보고'),
    (52, 201, '전화 회의'),
    (53, 201, '업무 지시'),
    (54, 201, '직무 교육'),
    (55, 201, '업무 지원'),
    (56, 201, '문서 작성'),
    (57, 201, '일일 회의'),
    (58, 201, '전략 회의'),
    (59, 201, '비즈니스 분석'),
    (60, 201, '업무 평가');

-- 공부
INSERT INTO work_category_small(id, work_category_large_id, title)
VALUES
    (61, 301, '독서'),
    (62, 301, '온라인 강의'),
    (63, 301, '토론'),
    (64, 301, '시험 준비'),
    (65, 301, '연구'),
    (66, 301, '리서치'),
    (67, 301, '모의 시험'),
    (68, 301, '어학 공부'),
    (69, 301, '논문 작성'),
    (70, 301, '과제 제출'),
    (71, 301, '문제 풀이'),
    (72, 301, '프로그래밍'),
    (73, 301, '스프링 프레임워크 공부'),
    (74, 301, '기술 블로그 읽기'),
    (75, 301, '참조 자료 분석'),
    (76, 301, '기술 서적 독서'),
    (77, 301, '학술 자료 검토'),
    (78, 301, '연구 결과 정리'),
    (79, 301, '강의 노트 정리'),
    (80, 301, '스킬 연습');

-- 가사
INSERT INTO work_category_small(id, work_category_large_id, title)
VALUES
    (81, 401, '청소'),
    (82, 401, '세탁'),
    (83, 401, '요리'),
    (84, 401, '장보기'),
    (85, 401, '정리 정돈'),
    (86, 401, '빨래'),
    (87, 401, '쓰레기 분리수거'),
    (88, 401, '가구 조립'),
    (89, 401, '정원 가꾸기'),
    (90, 401, '가전 제품 유지보수'),
    (91, 401, '설거지'),
    (92, 401, '가사일 계획'),
    (93, 401, '청소기 돌리기'),
    (94, 401, '디지털 정리'),
    (95, 401, '가사일 체크리스트 작성'),
    (96, 401, '청소용품 관리'),
    (97, 401, '세탁물 분류'),
    (98, 401, '냉장고 청소'),
    (99, 401, '기타 가사일'),
    (100, 401, '가정용 청소');

-- 자기 개발
INSERT INTO work_category_small(id, work_category_large_id, title)
VALUES
    (101, 501, '코딩'),
    (102, 501, '어학 공부'),
    (103, 501, '자기계발서 독서'),
    (104, 501, '온라인 강의'),
    (105, 501, '멘토링'),
    (106, 501, '마인드맵 작성'),
    (107, 501, '인간 관계 개선'),
    (108, 501, '목표 설정'),
    (109, 501, '성격 개발'),
    (110, 501, '스트레스 관리'),
    (111, 501, '행동 계획'),
    (112, 501, '리더십 훈련'),
    (113, 501, '시간 관리'),
    (114, 501, '자기 분석'),
    (115, 501, '비전 설정'),
    (116, 501, '자신감 향상'),
    (117, 501, '피드백 수용'),
    (118, 501, '진로 탐색'),
    (119, 501, '생산성 향상'),
    (120, 501, '정신 건강 관리');

-- 금융 관리
INSERT INTO work_category_small(id, work_category_large_id, title)
VALUES
    (121, 601, '예산 작성'),
    (122, 601, '지출 관리'),
    (123, 601, '투자 계획'),
    (124, 601, '저축 계획'),
    (125, 601, '부채 관리'),
    (126, 601, '세금 신고'),
    (127, 601, '연금 계획'),
    (128, 601, '보험 검토'),
    (129, 601, '금융 상품 비교'),
    (130, 601, '지출 내역 분석'),
    (131, 601, '재무 계획'),
    (132, 601, '부동산 관리'),
    (133, 601, '주식 투자'),
    (134, 601, '채권 투자'),
    (135, 601, '금융 교육'),
    (136, 601, '회계 관리'),
    (137, 601, '금융 리포트 작성'),
    (138, 601, '재무 상태 분석'),
    (139, 601, '예상 수익 분석'),
    (140, 601, '자산 관리');

-- 여행
INSERT INTO work_category_small(id, work_category_large_id, title)
VALUES
    (141, 701, '여행 계획'),
    (142, 701, '비행기 예약'),
    (143, 701, '숙소 예약');

-- 기타
INSERT INTO work_category_small(id, work_category_large_id, title)
VALUES
    (144, 10000, '기타');



-- -- -- -- -- -- -- -- -- -- -- -- -- -- -- -- -- -- -- -- -- -- -- -- --
-- 취미 / 여가
INSERT INTO work(id, title, work_category_small_id)
VALUES
    (1, '독서', 1),
    (2, '영화 감상', 2),
    (3, '음악 감상', 3),
    (4, '게임', 4),
    (5, '사진 촬영', 5),
    (6, '공예', 6),
    (7, '그림 그리기 / 스케치', 7),
    (8, '댄스 / 춤', 8),
    (9, '요리', 9),
    (10, '베이킹', 10),
    (11, '스포츠 관람', 11),
    (12, '자전거', 12),
    (13, '피아노 치기', 13),
    (14, '낚시', 14),
    (15, '산책', 15),
    (16, '캠핑', 16),
    (17, '글쓰기', 17),
    (18, '드론 촬영', 18),
    (19, '조경', 19),
    (20, '만화 읽기', 20);

-- 운동
INSERT INTO work(id, title, work_category_small_id)
VALUES
    (21, '헬스장 가기', 21),
    (22, '수영장 가기', 22),
    (23, '근력 훈련', 23),
    (24, '요가 수업', 24),
    (25, '필라테스 수업', 25),
    (26, '자전거 타기', 26),
    (27, '축구 경기', 27),
    (28, '농구 게임', 28),
    (29, '배드민턴 경기', 29),
    (30, '테니스 연습', 30),
    (31, '클라이밍', 31),
    (32, '스쿼시', 32),
    (33, '태권도 수업', 33),
    (34, '복싱 훈련', 34),
    (35, '크로스핏', 35),
    (36, '스케이팅', 36),
    (37, '레슬링', 37),
    (38, '스노우보드', 38),
    (39, '스키', 39),
    (40, '하이킹', 40);

-- 업무
INSERT INTO work(id, title, work_category_small_id)
VALUES
    (41, '주간 회의 준비', 41),
    (42, '보고서 작성', 42),
    (43, '이메일 답장', 43),
    (44, '프레젠테이션 자료 준비', 44),
    (45, '프로젝트 계획 수립', 45),
    (46, '업무 분석', 46),
    (47, '문서 검토', 47),
    (48, '팀 회의', 48),
    (49, '고객 상담', 49),
    (50, '업무 보고서 작성', 50),
    (51, '전화 회의', 51),
    (52, '업무 지시', 52),
    (53, '직무 교육 준비', 53),
    (54, '업무 지원', 54),
    (55, '문서 작성', 55),
    (56, '일일 업무 체크리스트 작성', 56),
    (57, '전략 회의 준비', 57),
    (58, '비즈니스 분석', 58),
    (59, '업무 평가', 59),
    (60, '업무 협의', 60);

-- 공부
INSERT INTO work(id, title, work_category_small_id)
VALUES
    (61, '책 읽기', 61),
    (62, '온라인 강의 수강', 62),
    (63, '토론 참여', 63),
    (64, '시험 준비', 64),
    (65, '논문 작성', 65),
    (66, '리서치', 66),
    (67, '모의 시험', 67),
    (68, '어학 연습', 68),
    (69, '기술 서적 독서', 69),
    (70, '과제 제출', 70),
    (71, '문제 풀이', 71),
    (72, '프로그래밍 연습', 72),
    (73, '스프링 프레임워크 공부', 73),
    (74, '기술 블로그 읽기', 74),
    (75, '참조 자료 분석', 75),
    (76, '학술 자료 검토', 76),
    (77, '연구 결과 정리', 77),
    (78, '강의 노트 정리', 78),
    (79, '스킬 연습', 79),
    (80, '기술 스터디', 80);

-- 가사
INSERT INTO work(id, title, work_category_small_id)
VALUES
    (81, '주간 청소', 81),
    (82, '빨래 돌리기', 82),
    (83, '저녁 요리', 83),
    (84, '장보기', 84),
    (85, '정리 정돈', 85),
    (86, '청소기 돌리기', 86),
    (87, '쓰레기 분리수거', 87),
    (88, '가구 조립', 88),
    (89, '정원 가꾸기', 89),
    (90, '가전 제품 점검', 90),
    (91, '설거지', 91),
    (92, '가사일 계획 작성', 92),
    (93, '청소용품 관리', 93),
    (94, '세탁물 분류', 94),
    (95, '냉장고 청소', 95),
    (96, '디지털 정리', 96),
    (97, '세탁물 정리', 97),
    (98, '장난감 정리', 98),
    (99, '기타 가사일', 99),
    (100, '주방 정리', 100);

-- 자기 개발
INSERT INTO work(id, title, work_category_small_id)
VALUES
    (101, '코딩 연습', 101),
    (102, '어학 공부', 102),
    (103, '자기계발서 읽기', 103),
    (104, '온라인 강의 수강', 104),
    (105, '멘토링 세션', 105),
    (106, '마인드맵 작성', 106),
    (107, '인간 관계 개선 활동', 107),
    (108, '목표 설정', 108),
    (109, '성격 개발', 109),
    (110, '스트레스 관리 기법 학습', 110),
    (111, '행동 계획 세우기', 111),
    (112, '리더십 훈련', 112),
    (113, '시간 관리 계획', 113),
    (114, '자기 분석', 114),
    (115, '비전 설정', 115),
    (116, '자신감 향상 훈련', 116),
    (117, '피드백 수용 연습', 117),
    (118, '진로 탐색', 118),
    (119, '생산성 향상 전략', 119),
    (120, '정신 건강 관리', 120);

-- 금융 관리
INSERT INTO work(id, title, work_category_small_id)
VALUES
    (121, '예산 작성', 121),
    (122, '지출 기록', 122),
    (123, '투자 계획 수립', 123),
    (124, '저축 계획 세우기', 124),
    (125, '부채 관리', 125),
    (126, '세금 신고 준비', 126),
    (127, '연금 계획', 127),
    (128, '보험 검토', 128),
    (129, '금융 상품 비교 분석', 129),
    (130, '지출 내역 분석', 130),
    (131, '재무 계획 세우기', 131),
    (132, '부동산 관리 계획', 132),
    (133, '주식 투자', 133),
    (134, '채권 투자', 134),
    (135, '금융 교육 수강', 135),
    (136, '회계 관리', 136),
    (137, '금융 리포트 작성', 137),
    (138, '재무 상태 분석', 138),
    (139, '예상 수익 분석', 139),
    (140, '자산 관리', 140);

-- 여행
INSERT INTO work(id, title, work_category_small_id)
VALUES
    (141, '여행 계획 세우기', 141),
    (142, '비행기 예약하기', 142),
    (143, '숙소 예약하기', 143);



-- -- -- -- -- -- -- -- -- -- -- -- -- -- -- -- -- -- -- -- -- -- -- -- --

INSERT INTO alert_type(id, name)
VALUES (1, '카카오톡'),
       (2, '문자'),
       (3, '이메일');

INSERT INTO schedule(id, user_id, title, visibility)
VALUES (1, 1, '유저 1이 만든 스케쥴 1', true),
       (2, 1, '유저 1이 만든 스케쥴 2', true),
       (3, 1, '유저 1이 만든 스케쥴 3', false),
       (4, 1, '유저 1이 만든 스케쥴 4', false),
       (5, 2, '유저 2이 만든 스케쥴 1', true),
       (6, 2, '유저 2이 만든 스케쥴 2', true),
       (7, 2, '유저 2이 만든 스케쥴 3', false),
       (8, 2, '유저 2이 만든 스케쥴 4', false),
       (9, 3, '유저 3이 만든 스케쥴 1', true),
       (10, 3, '유저 3이 만든 스케쥴 2', true),
       (11, 3, '유저 3이 만든 스케쥴 3', false),
       (12, 3, '유저 3이 만든 스케쥴 4', false),
       (13, 4, '유저 4이 만든 스케쥴 1', true),
       (14, 4, '유저 4이 만든 스케쥴 2', true),
       (15, 4, '유저 4이 만든 스케쥴 3', false),
       (16, 4, '유저 4이 만든 스케쥴 4', false),
       (17, 5, '유저 5이 만든 스케쥴 1', true),
       (18, 5, '유저 5이 만든 스케쥴 2', true),
       (19, 5, '유저 5이 만든 스케쥴 3', false),
       (20, 5, '유저 5이 만든 스케쥴 4', false),
       (21, 6, '유저 6이 만든 스케쥴 1', true),
       (22, 6, '유저 6이 만든 스케쥴 2', true),
       (23, 6, '유저 6이 만든 스케쥴 3', false),
       (24, 6, '유저 6이 만든 스케쥴 4', false),
       (25, 7, '유저 7이 만든 스케쥴 1', true),
       (26, 7, '유저 7이 만든 스케쥴 2', true),
       (27, 7, '유저 7이 만든 스케쥴 3', false),
       (28, 7, '유저 7이 만든 스케쥴 4', false),
       (29, 8, '유저 8이 만든 스케쥴 1', true),
       (30, 8, '유저 8이 만든 스케쥴 2', true),
       (31, 8, '유저 8이 만든 스케쥴 3', true);


# TODO: day_schedule_work_info 데이터 넣기

# day, schedule_id 묶어서 unique
# 1,2,3,4,5,6,7 : 월화수목금토일
INSERT INTO day_schedule(id, schedule_id, day, type)
VALUES (1, 1, 1, 'fact'),
       (2, 1, 2, 'fact'),
       (3, 1, 3, 'fact'),
       (4, 1, 4, 'fact'),
       (5, 1, 5, 'fact'),
       (6, 1, 6, 'fact'),
       (7, 1, 7, 'fact');


# WorkInfo
INSERT INTO work_time(id, start_at, end_at, alert_type_id, day_schedule_id, work_id)
VALUES (1, '11:30:00', '12:30:00', 1, 1, 1),
       (2, '13:30:00', '15:30:00', 1, 1, 1);

# TODO: 20개
INSERT INTO like_schedule(id, user_id, schedule_id)
VALUES (1, 1, 1),
       (2, 1, 2),
       (3, 1, 3),
       (4, 2, 4),
       (5, 2, 5),
       (6, 2, 6),
       (7, 3, 7),
       (8, 3, 8),
       (9, 3, 9),
       (10, 4, 10),
       (11, 4, 11),
       (12, 4, 12),
       (13, 5, 13),
       (14, 5, 14),
       (15, 5, 15),
       (16, 6, 16),
       (17, 6, 17),
       (18, 6, 18),
       (19, 7, 19),
       (20, 7, 20),
       (21, 7, 21),
       (22, 8, 22),
       (23, 8, 23),
       (24, 8, 24),
       (25, 9, 25),
       (26, 9, 26),
       (27, 9, 27),
       (28, 10, 28),
       (29, 10, 29),
       (30, 10, 30),
       (31, 2, 1),
       (32, 3, 1),
       (33, 4, 1),
       (34, 5, 1),
       (35, 5, 31);



# TODO: like_user 데이터 삽입 20개

# TODO : board 5개
INSERT INTO board(id, user_id, created_at, title, content)
VALUES (1, 1, NOW(), '정재영바보', '재영아쓴소리좀그만해라');

# TODO: like_board 데이터 삽입 20개
