# DROP SCHEMA IF EXISTS myroutine;
CREATE SCHEMA IF NOT EXISTS myroutine default character set utf8mb4;
USE myroutine;

INSERT INTO user(id, nickname, password_hash, email, phone, created_at)
VALUES (1, 'user1', '0a041b9462caa4a31bac3567e0b6e6fd9100787db2ab433d96f6d178cabfce90',
        'user1@gmail.com', '01011111111', NOW()),
       (2, 'user2', '6025d18fe48abd45168528f18a82e265dd98d421a7084aa09f61b341703901a3',
        'user2@naver.com', '01022222222', NOW()),
       (3, 'user3', '3d9446db3bb1b20d2e4b9fa405e9786b5b8c8b92f156cfd92445ad5d1e3d6e53',
        'user3@domain.com', '01033333333', NOW()),
       (4, 'user4', 'e38ad214943daad1d64c102faec29de4afe9da3d5ebd216f4be5d8c3e94159ee',
        'user4@domain.com', '01044444444', NOW()),
       (5, 'user5', '7c4a8d09ca3762af61e59520943dc26494f8941b76e7a82c42a6b5f660ca7e89',
        'user5@domain.com', '01055555555', NOW()),
       (6, 'user6', 'f7c3bc1d808e04732adf679965ccc34ca7ae3441f4b2a284d8e0d05ed06677d8',
        'user6@domain.com', '01066666666', NOW()),
       (7, 'user7', '72b302bf297a228a75730123efef7c41c23465fe4d080a125a78b7bf070c3130',
        'user7@domain.com', '01077777777', NOW()),
       (8, 'user8', 'd1d0b1320d5864ba7f32b2a8e49c283c805b51c34b6ef171b3cccb35a615b292',
        'user8@domain.com', '01088888888', NOW()),
       (9, 'user9', '6b23c0e52fd43b99e8dfc6a13c1b0586651a052be4d3db2f6b16a4f50b9db03a',
        'user9@domain.com', '01099999999', NOW()),
       (10, 'user10', 'e2ef524fbf3d9fe611d5f29f06cf943ae6549cb1cf6e80b45ed50f93b1d73e11',
        'user10@domain.com', '01010101010', NOW()),
       (11, 'user11', '09f7e02f1290be211da707a266f153b3', 'user11@domain.com', '01011111112',
        NOW()),
       (12, 'user12', '1f3870be274f6c49b3e31a0c6728957f', 'user12@domain.com', '01012121212',
        NOW()),
       (13, 'user13', '8e296a067a37563370ded05f5a3bf3ec', 'user13@domain.com', '01013131313',
        NOW()),
       (14, 'user14', 'f1d3ff8443297732862df21dc4e57262', 'user14@domain.com', '01014141414',
        NOW()),
       (15, 'user15', '6f4922f45568161a8cdf4ad2299f6d23', 'user15@domain.com', '01015151515',
        NOW()),
       (16, 'user16', '1c383cd30b7c298ab50293adfecb7b18', 'user16@domain.com', '01016161616',
        NOW()),
       (17, 'user17', '98f13708210194c475687be6106a3b84', 'user17@domain.com', '01017171717',
        NOW()),
       (18, 'user18', '3c59dc048e8850243be8079a5c74d079', 'user18@domain.com', '01018181818',
        NOW()),
       (19, 'user19', 'b6d767d2f8ed5d21a44b0e5886680cb9', 'user19@domain.com', '01019191919',
        NOW()),
       (20, 'user20', '37693cfc748049e45d87b8c7d8b9aacd', 'user20@domain.com', '01020202020',
        NOW()),
       (21, 'user21', '1ff1de774005f8da13f42943881c655f', 'user21@domain.com', '01021212121',
        NOW()),
       (22, 'user22', '8e296a067a37563370ded05f5a3bf3ec', 'user22@domain.com', '01022222222',
        NOW()),
       (23, 'user23', '9bf31c7ff062936a96d3c8bd1f8f2ff3', 'user23@domain.com', '01023232323',
        NOW()),
       (24, 'user24', 'c74d97b01eae257e44aa9d5bade97baf', 'user24@domain.com', '01024242424',
        NOW()),
       (25, 'user25', '70efdf2ec9b086079795c442636b55fb', 'user25@domain.com', '01025252525',
        NOW()),
       (26, 'user26', '6f4922f45568161a8cdf4ad2299f6d23', 'user26@domain.com', '01026262626',
        NOW()),
       (27, 'user27', '1c383cd30b7c298ab50293adfecb7b18', 'user27@domain.com', '01027272727',
        NOW()),
       (28, 'user28', '98f13708210194c475687be6106a3b84', 'user28@domain.com', '01028282828',
        NOW()),
       (29, 'user29', '3c59dc048e8850243be8079a5c74d079', 'user29@domain.com', '01029292929',
        NOW()),
       (30, 'user30', 'b6d767d2f8ed5d21a44b0e5886680cb9', 'user30@domain.com', '01030303030',
        NOW());


# TODO: 추가 필요
INSERT INTO work_category_large(id, title)
VALUES
    (1, '취미 / 여가'),
    (101, '운동'),
    (201, '업무'),
    (301, '공부'),
    (401, '가사'),
    (501, '자기 개발'),
    (601, '금융 관리'),
    (701, '여행'),
    (801, '잠'),
    (10000, '기타');

-- ----------------------------------------------------------------
-- 취미 / 여가
INSERT INTO work_category_small(id, work_category_large_id, title)
VALUES (1, 1, '독서'),
       (2, 1, '영화 감상'),
       (3, 1, '음악 감상'),
       (4, 1, '게임'),
       (5, 1, '사진 촬영'),
       (6, 1, '공예'),
       (7, 1, '그림 그리기 / 스케치'),
       (8, 1, '댄스 / 츰'),
       (9, 1, '요리'),
       (10, 1, '베이킹'),
       (11, 1, '스포츠 관람'),
       (12, 1, '자전거'),
       (13, 1, '피아노 치기'),
       (14, 1, '낚시'),
       (15, 1, '산책');

INSERT INTO work(id, title, work_category_small_id)
VALUES
    (1, '독서', 1),
    (2, '영화 감상', 2),
    (3, '음악 감상', 3),
    (4, '게임', 4),
    (5, '사진 촬영', 5),
    (6, '공예', 6),
    (7, '그림 그리기 / 스케치', 7),
    (8, '댄스 / 춤', 8),
    (9, '요리', 9),
    (10, '베이킹', 10),
    (11, '스포츠 관람', 11),
    (12, '자전거', 12),
    (13, '피아노 치기', 13),
    (14, '낚시', 14),
    (15, '산책', 15);
-- ----------------------------------------------------------------
-- 운동
INSERT INTO work_category_small(id, work_category_large_id, title)
VALUES
    (101, 101, '달리기'),
    (102, 101, '수영'),
    (103, 101, '헬스'),
    (104, 101, '요가'),
    (105, 101, '필라테스'),
    (106, 101, '자전거 타기'),
    (107, 101, '축구'),
    (108, 101, '농구'),
    (109, 101, '배드민턴'),
    (110, 101, '테니스'),
    (111, 101, '클라이밍'),
    (112, 101, '배드민턴'),
    (113, 101, '스쿼시'),
    (114, 101, '태권도'),
    (115, 101, '복싱'),
    (116, 101, '크로스핏'),
    (117, 101, '복싱'),
    (118, 101, '스케이팅'),
    (119, 101, '레슬링'),
    (120, 101, '스노우보드');

INSERT INTO work(id, title, work_category_small_id)
VALUES
    (101, '헬스장 가기', 101),
    (102, '수영장 가기', 102),
    (103, '근력 훈련', 103),
    (104, '요가 수업', 104),
    (105, '필라테스 수업', 105),
    (106, '자전거 타기', 106),
    (107, '축구 경기', 107),
    (108, '농구 게임', 108),
    (109, '배드민턴 경기', 109),
    (110, '테니스 연습', 110),
    (111, '클라이밍', 111),
    (112, '스쿼시', 112),
    (113, '태권도 수업', 113),
    (114, '복싱 훈련', 114),
    (115, '크로스핏', 115),
    (116, '스케이팅', 116),
    (117, '레슬링', 117),
    (118, '스노우보드', 118),
    (119, '스키', 119),
    (120, '하이킹', 120);
-- ----------------------------------------------------------------
-- 업무
INSERT INTO work_category_small(id, work_category_large_id, title)
VALUES
    (201, 201, '회의'),
    (202, 201, '보고서 작성'),
    (203, 201, '이메일 확인'),
    (204, 201, '프레젠테이션 준비'),
    (205, 201, '프로젝트 계획'),
    (206, 201, '업무 분석'),
    (207, 201, '문서 검토'),
    (208, 201, '팀 회의'),
    (209, 201, '업무 협의'),
    (210, 201, '고객 상담'),
    (211, 201, '업무 보고'),
    (212, 201, '전화 회의'),
    (213, 201, '업무 지시'),
    (214, 201, '직무 교육'),
    (215, 201, '업무 지원'),
    (216, 201, '문서 작성'),
    (217, 201, '일일 회의'),
    (218, 201, '전략 회의'),
    (219, 201, '비즈니스 분석'),
    (220, 201, '업무 평가');
-- 업무
INSERT INTO work(id, title, work_category_small_id)
VALUES
    (201, '주간 회의 준비', 201),
    (202, '보고서 작성', 202),
    (203, '이메일 답장', 203),
    (204, '프레젠테이션 자료 준비', 204),
    (205, '프로젝트 계획 수립', 205),
    (206, '업무 분석', 206),
    (207, '문서 검토', 207),
    (208, '팀 회의', 208),
    (209, '고객 상담', 209),
    (210, '업무 보고서 작성', 210),
    (211, '전화 회의', 211),
    (212, '업무 지시', 212),
    (213, '직무 교육 준비', 213),
    (214, '업무 지원', 214),
    (215, '문서 작성', 215),
    (216, '일일 업무 체크리스트 작성', 216),
    (217, '전략 회의 준비', 217),
    (218, '비즈니스 분석', 218),
    (219, '업무 평가', 219),
    (220, '업무 협의', 220);
-- ----------------------------------------------------------------
-- 공부
INSERT INTO work_category_small(id, work_category_large_id, title)
VALUES
    (301, 301, '독서'),
    (302, 301, '온라인 강의'),
    (303, 301, '토론'),
    (304, 301, '시험 준비'),
    (305, 301, '연구'),
    (306, 301, '리서치'),
    (307, 301, '모의 시험'),
    (308, 301, '어학 공부'),
    (309, 301, '논문 작성'),
    (310, 301, '과제 제출'),
    (311, 301, '문제 풀이'),
    (312, 301, '프로그래밍'),
    (313, 301, '스프링 프레임워크 공부'),
    (314, 301, '기술 블로그 읽기'),
    (315, 301, '참조 자료 분석'),
    (316, 301, '기술 서적 독서'),
    (317, 301, '학술 자료 검토'),
    (318, 301, '연구 결과 정리'),
    (319, 301, '강의 노트 정리'),
    (320, 301, '스킬 연습');
INSERT INTO work(id, title, work_category_small_id)
VALUES
    (301, '책 읽기', 301),
    (302, '온라인 강의 수강', 302),
    (303, '토론 참여', 303),
    (304, '시험 준비', 304),
    (306, '리서치', 306),
    (307, '모의 시험', 307),
    (308, '어학 연습', 308),
    (309, '기술 서적 독서', 309),
    (310, '과제 제출', 310),
    (311, '문제 풀이', 311),
    (312, '프로그래밍 연습', 312),
    (313, '스프링 프레임워크 공부', 313),
    (314, '기술 블로그 읽기', 314),
    (315, '참조 자료 분석', 315),
    (316, '학술 자료 검토', 316),
    (317, '연구 결과 정리', 317),
    (318, '강의 노트 정리', 318),
    (319, '스킬 연습', 319),
    (320, '기술 스터디', 320);
-- ----------------------------------------------------------------
-- 가사
INSERT INTO work_category_small(id, work_category_large_id, title)
VALUES
    (401, 401, '청소'),
    (402, 401, '세탁'),
    (403, 401, '요리'),
    (404, 401, '장보기'),
    (405, 401, '정리 정돈'),
    (406, 401, '빨래'),
    (407, 401, '쓰레기 분리수거'),
    (408, 401, '가구 조립'),
    (409, 401, '정원 가꾸기'),
    (410, 401, '가전 제품 유지보수'),
    (411, 401, '설거지'),
    (412, 401, '가사일 계획'),
    (413, 401, '청소기 돌리기'),
    (414, 401, '디지털 정리'),
    (415, 401, '가사일 체크리스트 작성'),
    (416, 401, '청소용품 관리'),
    (417, 401, '세탁물 분류'),
    (418, 401, '냉장고 청소'),
    (419, 401, '기타 가사일'),
    (420, 401, '가정용 청소');

-- 가사
INSERT INTO work(id, title, work_category_small_id)
VALUES
    (401, '주간 청소', 401),
    (402, '빨래 돌리기', 402),
    (403, '저녁 요리', 403),
    (404, '장보기', 404),
    (405, '정리 정돈', 405),
    (406, '청소기 돌리기', 406),
    (407, '쓰레기 분리수거', 407),
    (408, '가구 조립', 408),
    (409, '정원 가꾸기', 409),
    (410, '가전 제품 점검', 410),
    (411, '설거지', 411),
    (412, '가사일 계획 작성', 412),
    (413, '청소용품 관리', 413),
    (414, '세탁물 분류', 414),
    (415, '냉장고 청소', 415),
    (416, '디지털 정리', 416),
    (417, '세탁물 정리', 417),
    (418, '장난감 정리', 418),
    (419, '기타 가사일', 419),
    (420, '주방 정리', 420);
-- ----------------------------------------------------------------
-- 자기 개발
INSERT INTO work_category_small(id, work_category_large_id, title)
VALUES
    (501, 501, '코딩'),
    (502, 501, '어학 공부'),
    (503, 501, '자기계발서 독서'),
    (504, 501, '온라인 강의'),
    (505, 501, '멘토링'),
    (506, 501, '마인드맵 작성'),
    (507, 501, '인간 관계 개선'),
    (508, 501, '목표 설정'),
    (509, 501, '성격 개발'),
    (510, 501, '스트레스 관리'),
    (511, 501, '행동 계획'),
    (512, 501, '리더십 훈련'),
    (513, 501, '시간 관리'),
    (514, 501, '자기 분석'),
    (515, 501, '비전 설정'),
    (516, 501, '자신감 향상'),
    (517, 501, '피드백 수용'),
    (518, 501, '진로 탐색'),
    (519, 501, '생산성 향상'),
    (520, 501, '정신 건강 관리');

-- 자기 개발
INSERT INTO work(id, title, work_category_small_id)
VALUES
    (501, '코딩 연습', 501),
    (502, '어학 공부', 502),
    (503, '자기계발서 읽기', 503),
    (504, '온라인 강의 수강', 504),
    (505, '멘토링 세션', 505),
    (506, '마인드맵 작성', 506),
    (507, '인간 관계 개선 활동', 507),
    (508, '목표 설정', 508),
    (509, '성격 개발', 509),
    (510, '스트레스 관리 기법 학습', 510),
    (511, '행동 계획 세우기', 511),
    (512, '리더십 훈련', 512),
    (513, '시간 관리 계획', 513),
    (514, '자기 분석', 514),
    (515, '비전 설정', 515),
    (516, '자신감 향상 훈련', 516),
    (517, '피드백 수용 연습', 517),
    (518, '진로 탐색', 518),
    (519, '생산성 향상 전략', 519),
    (520, '정신 건강 관리', 520);
-- ----------------------------------------------------------------
-- 금융 관리
INSERT INTO work_category_small(id, work_category_large_id, title)
VALUES
    (601, 601, '예산 작성'),
    (602, 601, '지출 관리'),
    (603, 601, '투자 계획'),
    (604, 601, '저축 계획'),
    (605, 601, '부채 관리'),
    (606, 601, '세금 신고'),
    (607, 601, '연금 계획'),
    (608, 601, '보험 검토'),
    (609, 601, '금융 상품 비교'),
    (610, 601, '지출 내역 분석'),
    (611, 601, '재무 계획'),
    (612, 601, '부동산 관리'),
    (613, 601, '주식 투자'),
    (614, 601, '채권 투자'),
    (615, 601, '금융 교육'),
    (616, 601, '회계 관리'),
    (617, 601, '금융 리포트 작성'),
    (618, 601, '재무 상태 분석'),
    (619, 601, '예상 수익 분석'),
    (620, 601, '자산 관리');


-- 금융 관리
INSERT INTO work(id, title, work_category_small_id)
VALUES
    (601, '예산 작성', 601),
    (602, '지출 기록', 602),
    (603, '투자 계획 수립', 603),
    (604, '저축 계획 세우기', 604),
    (605, '부채 관리', 605),
    (606, '세금 신고 준비', 606),
    (607, '연금 계획', 607),
    (608, '보험 검토', 608),
    (609, '금융 상품 비교 분석', 609),
    (610, '지출 내역 분석', 610),
    (611, '재무 계획 세우기', 611),
    (612, '부동산 관리 계획', 612),
    (613, '주식 투자', 613),
    (614, '채권 투자', 614),
    (615, '금융 교육 수강', 615),
    (616, '회계 관리', 616),
    (617, '금융 리포트 작성', 617),
    (618, '재무 상태 분석', 618),
    (619, '예상 수익 분석', 619),
    (620, '자산 관리', 620);
-- ----------------------------------------------------------------
-- 여행
INSERT INTO work_category_small(id, work_category_large_id, title)
VALUES
    (701, 701, '여행 계획'),
    (702, 701, '비행기 예약'),
    (703, 701, '숙소 예약');

-- 여행
INSERT INTO work(id, title, work_category_small_id)
VALUES
    (701, '여행 계획 세우기', 701),
    (702, '비행기 예약하기', 702),
    (703, '숙소 예약하기', 703);


-- 여행
INSERT INTO work_category_small(id, work_category_large_id, title)
VALUES
    (801, 801, '잠자기'),
    (802, 801, '수면'),
    (803, 801, '낮잠');
-- 잠
INSERT INTO work(id, title, work_category_small_id)
VALUES
    (801, '잠자기', 801),
    (802, '수면', 802),
    (803, '낮잠', 803);

-- ----------------------------------------------------------------
-- 기타
INSERT INTO work_category_small(id, work_category_large_id, title)
VALUES
    (144, 10000, '기타');
-- -- -- -- -- -- -- -- -- -- -- -- -- -- -- -- -- -- -- -- -- -- -- -- --

INSERT INTO alert_type(id, name)
VALUES (1, '카카오톡'),
       (2, '문자'),
       (3, '이메일');

INSERT INTO schedule(id, user_id, title, visibility)
VALUES (1, 1, '프로젝트 기획 및 초기 미팅', true),
       (2, 1, '팀 목표 설정 및 업무 분장', true),
       (3, 1, '개인 운동 및 건강 관리', false),
       (4, 1, '고객 피드백 분석 및 계획', false),
       (5, 2, '월간 계획 검토 및 조정', true),
       (6, 2, '개발팀 진행 상황 점검', true),
       (7, 2, '상사와의 주간 피드백', false),
       (8, 2, '리서치 및 개발 진행', false),
       (9, 3, '업무 리뷰 및 클라이언트 미팅 준비', true),
       (10, 3, '클라이언트 요구 사항 검토', true),
       (11, 3, '개인 프로젝트 계획 및 실행', false),
       (12, 3, '팀 빌딩 및 협업 활동', false),
       (13, 4, '월간 성과 분석 및 보고', true),
       (14, 4, '신규 제품 런칭 준비', true),
       (15, 4, '정기 보고서 작성 및 제출', false),
       (16, 4, '부서 간 협업 및 조정 회의', false),
       (17, 5, '주간 팀 회의 및 전략 논의', true),
       (18, 5, '비즈니스 전략 브레인스토밍', true),
       (19, 5, '업무 계획 수립 및 조정', false),
       (20, 5, '연말 파티 준비 및 행사 기획', false),
       (21, 6, '주간 체크인 및 진행 상황 점검', true),
       (22, 6, '개발 프로젝트 리뷰', true),
       (23, 6, '개인 업무 정리 및 계획 조정', false),
       (24, 6, '전체 회의 및 부서 간 조율', false),
       (25, 7, '고객 지원 팀 회의 및 피드백 수집', true),
       (26, 7, '주요 프로젝트 리뷰 및 업데이트', true),
       (27, 7, '부서 간 조정 및 협업 회의', false),
       (28, 7, '주간 성과 분석 및 조정', false),
       (29, 8, '마케팅 전략 회의 및 캠페인 계획', true),
       (30, 8, '신제품 발표 준비 및 조정', true),
       (31, 8, '소셜 미디어 캠페인 진행', true);



# TODO: day_schedule_work_info 데이터 넣기

# day, schedule_id 묶어서 unique
# 1,2,3,4,5,6,7 : 월화수목금토일
INSERT INTO day_schedule(id, schedule_id, day, type)
VALUES (1, 1, 1, 'fact'),
       (2, 1, 2, 'fact'),
       (3, 1, 3, 'fact'),
       (4, 1, 4, 'fact'),
       (5, 1, 5, 'fact'),
       (6, 1, 6, 'fact'),
       (7, 1, 7, 'fact'),

       (8, 2, 1, 'fact'),
       (9, 2, 2, 'fact'),
       (10, 2, 3, 'fact'),
       (11, 2, 4, 'fact'),
       (12, 2, 5, 'fact'),
       (13, 2, 6, 'fact'),
       (14, 2, 7, 'fact');


# WorkInfo
INSERT INTO work_time(day_schedule_id, start_at, end_at, work_id, alert_type_id)
VALUES (1, '00:00:00', '06:30:00', 1, 3), # 잠
       (1, '09:00:00', '18:00:00', 1, 3), # 회사
       (1, '18:30:00', '19:30:00', 1, 3), # 운동
       (1, '19:30:00', '20:00:00', 1, 3), # 샤워
       (1, '20:00:00', '20:30:00', 1, 3), # 식사
       (1, '20:30:00', '21:30:00', 1, 3), # 넷플릭스
       (1, '22:00:00', '23:00:00', 1, 3), # 강아지 산책
       (1, '23:30:00', '00:00:00', 1, 3), # 집안일

       (2, '00:00:00', '06:30:00', 1, 3), # 잠
       (2, '09:00:00', '18:00:00', 1, 3), # 회사
       (2, '18:30:00', '19:30:00', 1, 3), # 운동
       (2, '19:30:00', '20:00:00', 1, 3), # 샤워
       (2, '20:00:00', '20:30:00', 1, 3), # 식사
       (2, '20:30:00', '21:30:00', 1, 3), # 넷플릭스
       (2, '22:00:00', '23:00:00', 1, 3), # 강아지 산책
       (2, '23:30:00', '00:00:00', 1, 3), # 집안일

       (3, '00:00:00', '06:30:00', 1, 3), # 잠
       (3, '09:00:00', '18:00:00', 1, 3), # 회사
       (3, '18:30:00', '19:30:00', 1, 3), # 운동
       (3, '19:30:00', '20:00:00', 1, 3), # 샤워
       (3, '20:00:00', '20:30:00', 1, 3), # 식사
       (3, '20:30:00', '21:30:00', 1, 3), # 넷플릭스
       (3, '22:00:00', '23:00:00', 1, 3), # 강아지 산책
       (3, '23:30:00', '00:00:00', 1, 3), # 집안일

       (4, '00:00:00', '06:30:00', 1, 3), # 잠
       (4, '09:00:00', '18:00:00', 1, 3), # 회사
       (4, '18:30:00', '19:30:00', 1, 3), # 운동
       (4, '19:30:00', '20:00:00', 1, 3), # 샤워
       (4, '20:00:00', '20:30:00', 1, 3), # 식사
       (4, '20:30:00', '21:30:00', 1, 3), # 넷플릭스
       (4, '22:00:00', '23:00:00', 1, 3), # 강아지 산책
       (4, '23:30:00', '00:00:00', 1, 3), # 집안일

       (5, '00:00:00', '06:30:00', 1, 3), # 잠
       (5, '09:00:00', '18:00:00', 1, 3), # 회사
       (5, '18:30:00', '19:30:00', 1, 3), # 운동
       (5, '19:30:00', '20:00:00', 1, 3), # 샤워
       (5, '20:00:00', '20:30:00', 1, 3), # 식사
       (5, '20:30:00', '21:30:00', 1, 3), # 넷플릭스
       (5, '22:00:00', '23:00:00', 1, 3), # 강아지 산책
       (5, '23:30:00', '00:00:00', 1, 3), # 집안일

       (6, '00:00:00', '06:30:00', 1, 3), # 잠
       (6, '09:00:00', '18:00:00', 1, 3), # 회사
       (6, '18:30:00', '19:30:00', 1, 3), # 운동
       (6, '19:30:00', '20:00:00', 1, 3), # 샤워
       (6, '20:00:00', '20:30:00', 1, 3), # 식사
       (6, '20:30:00', '21:30:00', 1, 3), # 넷플릭스
       (6, '22:00:00', '23:00:00', 1, 3), # 강아지 산책
       (6, '23:30:00', '00:00:00', 1, 3), # 집안일

#        (7, '00:00:00', '06:30:00', 1, 3), # 잠
#        (7, '09:00:00', '18:00:00', 1, 3), # 회사
#        (7, '18:30:00', '19:30:00', 1, 3), # 운동
#        (7, '19:30:00', '20:00:00', 1, 3), # 샤워
#        (7, '20:00:00', '20:30:00', 1, 3), # 식사
#        (7, '20:30:00', '21:30:00', 1, 3), # 넷플릭스
#        (7, '22:00:00', '23:00:00', 1, 3), # 강아지 산책
#        (7, '23:30:00', '00:00:00', 1, 3); # 집안일

       (7, '00:00:00', '01:00:00', 1, 3),
       (7, '01:00:00', '02:00:00', 1, 3),
       (7, '02:00:00', '03:00:00', 1, 3),
       (7, '03:00:00', '04:00:00', 1, 3),
       (7, '04:00:00', '05:00:00', 1, 3),
       (7, '05:00:00', '06:00:00', 1, 3),
       (7, '06:00:00', '07:00:00', 1, 3),
       (7, '07:00:00', '08:00:00', 1, 3),
       (7, '08:00:00', '09:00:00', 1, 3),
       (7, '09:00:00', '10:00:00', 1, 3),
       (7, '10:00:00', '11:00:00', 1, 3),
       (7, '11:00:00', '12:00:00', 1, 3),
       (7, '12:00:00', '13:00:00', 1, 3),
       (7, '13:00:00', '14:00:00', 1, 3),
       (7, '14:00:00', '15:00:00', 1, 3),
       (7, '15:00:00', '16:00:00', 1, 3),
       (7, '16:00:00', '17:00:00', 1, 3),
       (7, '17:00:00', '18:00:00', 1, 3),
       (7, '18:00:00', '19:00:00', 1, 3),
       (7, '19:00:00', '20:00:00', 1, 3),
       (7, '20:00:00', '21:00:00', 1, 3),
       (7, '21:00:00', '22:00:00', 1, 3),
       (7, '22:00:00', '23:00:00', 1, 3),
       (7, '23:00:00', '00:00:00', 1, 3);



# TODO: 20개
INSERT INTO like_schedule(id, user_id, schedule_id)
VALUES (1, 1, 1),
       (2, 1, 2),
       (3, 1, 3),
       (4, 2, 4),
       (5, 2, 5),
       (6, 2, 6),
       (7, 3, 7),
       (8, 3, 8),
       (9, 3, 9),
       (10, 4, 10),
       (11, 4, 11),
       (12, 4, 12),
       (13, 5, 13),
       (14, 5, 14),
       (15, 5, 15),
       (16, 6, 16),
       (17, 6, 17),
       (18, 6, 18),
       (19, 7, 19),
       (20, 7, 20),
       (21, 7, 21),
       (22, 8, 22),
       (23, 8, 23),
       (24, 8, 24),
       (25, 9, 25),
       (26, 9, 26),
       (27, 9, 27),
       (28, 10, 28),
       (29, 10, 29),
       (30, 10, 30),
       (31, 2, 1),
       (32, 3, 1),
       (33, 4, 1),
       (34, 5, 1),
       (35, 5, 31);

# TODO: like_user 데이터 삽입 20개

# TODO : board 5개
INSERT INTO board(id, user_id, created_at, title, content)
VALUES (1, 1, NOW(), '정재영바보', '재영아쓴소리좀그만해라');

# TODO: like_board 데이터 삽입 20개


#--------------------------------------------------------------------
-- ChatRoom 더미 데이터 삽입 (14번 유저가 참여하는 채팅방 13개)
INSERT INTO chat_room (room_name, room_type, create_at)
VALUES ('Room 1', 'UserToUser', NOW()),
       ('Room 2', 'UserToUser', NOW()),
       ('Room 3', 'UserToUser', NOW()),
       ('Room 4', 'UserToUser', NOW()),
       ('Room 5', 'UserToUser', NOW()),
       ('Room 6', 'UserToUser', NOW()),
       ('Room 7', 'UserToUser', NOW()),
       ('Room 8', 'UserToUser', NOW()),
       ('Room 9', 'UserToUser', NOW()),
       ('Room 10', 'UserToUser', NOW()),
       ('Room 11', 'UserToUser', NOW()),
       ('Room 12', 'UserToUser', NOW()),
       ('Room 13', 'UserToUser', NOW());

INSERT INTO participants (chat_room_id, user_id, joined_at)
VALUES (1, 14, NOW()),
       (1, 1, NOW()),
       (1, 8, NOW()),
       (1, 10, NOW()),
       (3, 14, NOW()),
       (3, 15, NOW()),
       (3, 16, NOW()),
       (4, 3, NOW()),
       (5, 17, NOW()),
       (5, 11, NOW()),
       (5, 14, NOW()),
       (7, 10, NOW()),
       (7, 14, NOW()),
       (7, 8, NOW()),
       (8, 14, NOW()),
       (8, 8, NOW()),
       (9, 14, NOW()),
       (9, 9, NOW());

INSERT INTO chat_message (chat_room_id, sender_id, message, message_type, send_time)
VALUES (1, 14, '안녕하세요! 오늘 하루 어떻게 보내셨나요?', 'CHAT', '2024-08-17 10:00:00'),
       (1, 1, '안녕하세요! 저는 오늘 회사에서 바빴어요.', 'CHAT', '2024-08-17 10:00:03'),
       (1, 8, '저도 일이 많아서 정신없이 보냈네요.', 'CHAT', '2024-08-17 10:01:00'),
       (1, 10, '저는 오늘 쉬는 날이었어요. 영화도 보고 푹 쉬었어요.', 'CHAT', '2024-08-17 10:05:00'),
       (1, 14, '와, 영화 좋네요! 무슨 영화 보셨어요?', 'CHAT', '2024-08-17 10:07:00'),
       (1, 10, '최근에 "Oppenheimer" 봤어요. 진짜 추천해요!', 'CHAT', '2024-08-17 11:00:00'),

-- Room 2 (참가자:

-- Room 3 (참가자: user14, user15, user16)
       (3, 14, '요즘 무슨 취미를 즐기고 계신가요?', 'CHAT', NOW()),
       (3, 15, '저는 요즘 테니스에 빠져 있어요. 운동이 정말 재밌어요.', 'CHAT', '2024-08-17 12:00:00'),
       (3, 16, '저는 요즘 요리 배우는 중이에요. 요리하면서 스트레스 풀고 있어요.', 'CHAT', '2024-08-17 12:00:40'),
       (3, 14, '와, 둘 다 정말 좋은 취미네요! 저도 테니스 배우고 싶어요.', 'CHAT', '2024-08-17 12:00:50'),

-- Room 4 (참가자: user14, user3)
       (4, 14, '최근에 어디 여행 다녀오셨어요?', 'CHAT', '2024-08-17 13:01:00'),
       (4, 3, '저는 최근에 부산 다녀왔어요. 해운대가 정말 좋더라고요.', 'CHAT', '2024-08-17 13:01:40'),
       (4, 14, '부산 좋죠! 저는 작년에 다녀왔는데 음식도 맛있고 볼거리도 많더라고요.', 'CHAT', '2024-08-17 13:10:00'),

-- Room 5 (참가자: user14, user17, user11)
       (5, 14, '요즘 운동 어떤 거 하고 계세요?', 'CHAT', '2024-08-17 16:01:00'),
       (5, 17, '저는 요즘 매일 조깅하고 있어요. 건강에도 좋고 기분도 좋아지더라고요.', 'CHAT', '2024-08-17 16:01:40'),
       (5, 11, '저는 요가를 시작했어요. 몸도 유연해지고 마음도 편안해져요.', 'CHAT', '2024-08-17 16:41:00'),
       (5, 14, '둘 다 정말 좋은 운동이네요. 저도 조깅 시작해볼까 봐요!', 'CHAT', '2024-08-17 16:50:00'),

-- Room 6 (참가자: user14, user10)
       (6, 14, '요즘 어떻게 지내세요? 일 많으신가요?', 'CHAT', '2024-08-17 16:50:00'),
       (6, 10, '네, 요즘 프로젝트 때문에 일이 많아서 좀 바빠요. 스트레스도 좀 쌓였네요.', 'CHAT', '2024-08-17 16:50:01'),
       (6, 14, '바쁠 때 스트레스 관리가 중요하죠. 저는 요즘 명상하면서 스트레스 풀고 있어요.', 'CHAT', '2024-08-17 16:50:02'),

-- Room 7 (참가자: user14, user8)
       (7, 14, '최근에 본 영화 중에 추천할 만한 거 있나요?', 'CHAT', '2024-08-17 16:50:10'),
       (7, 8, '저는 최근에 "미션 임파서블" 봤는데 정말 재밌었어요. 액션이 대박이더라고요.', 'CHAT', '2024-08-17 16:50:20'),
       (7, 14, '오, 저도 그 영화 봤어요! 진짜 긴장감 넘쳤죠.', 'CHAT', '2024-08-17 16:50:30'),

-- Room 8 (참가자: user14, user8)
       (8, 14, '드라마 좋아하세요? 최근에 본 드라마 중에 추천할 거 있나요?', 'CHAT', '2024-08-17 16:53:10'),
       (8, 8, '저는 요즘 "더 글로리" 보고 있어요. 진짜 흥미진진해요.', 'CHAT', '2024-08-17 16:53:11'),
       (8, 14, '저도 그 드라마 들었는데 아직 못 봤어요. 꼭 봐야겠네요.', 'CHAT', '2024-08-17 16:53:12'),

-- Room 9 (참가자: user14, user9)
       (9, 14, '책 좋아하세요? 요즘 읽고 있는 책 있나요?', 'CHAT', '2024-08-17 16:53:14'),
       (9, 9, '네, 요즘 "아주 작은 습관의 힘" 읽고 있어요. 정말 도움이 많이 돼요.', 'CHAT', '2024-08-17 16:53:17'),
       (9, 14, '저도 그 책 읽었는데 습관을 만드는 데 정말 좋은 팁들이 많더라고요.', 'CHAT', '2024-08-17 16:53:19');
